THP1,T2
40.6,78
60.68,29.46666667
63.18,75.2
35,12.21
79.62,70.26666667
59.44,65
81.8,90
86.53,76.2
100,100
